파스텔 기본 네일로 하려구요.,パステルのベーシックネイルにしようと思います。
그런 류의 음식이 유명하대.,そんな種類の料理が有名だそうだよ。
저는 3박 4일로 왔었어요.,私は3泊4日で来ました。
한 번 해보면 재미가 붙을 거야.,一度やってみると面白くなるよ。
늦지 않게 나갈게 조심히 와.,遅れないように出る。気をつけてきてね。
같은걸로 시키자.,同じものにしよう。
올 때 메로나도 사와.,来るときにメロナも買ってきて。
한줄 주시구요.,一列に並んでください。
그러면 산책한 거 다 도루묵 되는거 아냐?,すると、散歩したことが無駄になるんじゃない?
여기는 스테이크가 가장 유명해.,ここはステーキが一番有名だ。
이 쇼핑몰에 영화관 있다고 들었는데 몇 층에 있나요?,このショッピングモールに映画館があると聞いたのですが、何階にありますか?
저기 오시는 저 분한테 물어봐.,あちらの方に聞いてみて。
어떤 수수료 말씀이신가요?,どのような手数料のことでしょうか?
그러면 너는 여기서도 자석 볼 거야?,じゃあ、あなたはここでも磁石を見るつもりなの?
콜라 하나 사이다 나 오렌지 주스 하나요.,コーラを一つとサイダーかオレンジジュースを一つお願いします。
같이 가서 찾아드릴께요~,一緒に行って探して差し上げます。
네~서브도 좋고 스매싱도 좋아요.,はい、サーブもいいし、スマッシュもいいです。
오는길에 용두동에서 사오면 되.,帰りに龍頭洞で買ってくればいい。
팀이면 팀원을 잘 챙겨줘야지.,チームなら、チームメンバーの面倒をよく見てあげないと。
이동하는것도 편하고 코스만 따라가면 되니까.,移動するのも楽ですし、コースだけついて行けばいいから。
"좋아, 자신있게, 당당하게.",よし、自信を持って、堂々と。
오버핏 롱코트를 사고 싶기는 한데.,オーバーフィットのロングコートを買いたいのですが。
그렇구나 고맙다.,そうか、ありがとう。
어떻게 지냈어요?,いかがお過ごしでしたか。
다시 한번 정확하게 말씀해 주세요.,もう一度正確におっしゃってください。
여기가 꿔바로우 맛집이래.,ここがクォバロウが美味しいお店なんだって。
잘 설명해주세요.,よく説明してください。
정상적인 식사가 아니다보니.,通常の食事ではないので。
넌 뭐하고싶은데?,あなたは何がしたいの?
갑자기 이렇게 비가 내리다니 무슨 일이람?,急にこんなに雨が降ってくるなんてどうしたことか。
아는 곳이 있다니 마음이 든든하네요.,知っているところがあるなんて心強いです。
바이킹은 나도 좋아해.,バイキングは私も好きだよ。
요가하면 정신이 맑아지더라고.,ヨガをすると精神が清らかになるんだよね。
이 포즈는 어때?또 이 포즈는?,このポーズはどう?また、このポーズは?
예약번호나 휴대폰 번호 좀 알려주시겠어요?,予約番号か携帯番号を教えてもらえますか?
아무래도 안에만 있는게 답답하겠죠.,どうやら中にだけいるのが窮屈なんでしょうね。
저는 안산에서 왔습니다.,私は安山から来ました。
걷기 운동 좋지.,ウォーキング運動はいいね。
크림 들어간 게 있을까요?,クリーム入りのものはありますか?
낭만이 없다니!,ロマンがないとは!
해산물 좋아하면 B코스도 괜찮구.,海産物が好きなら、Bコースもいい。
내일은 현지식 조식이래요.,明日は現地式の朝食だそうです。
야 프로틴 남은거 있냐?,ねぇ、プロテイン残ってるのある?
오늘 시금치 싱싱한 거 들어왔어요.,今日は新鮮なほうれん草が入っています。
이 노트 몇 개 살까?,このノートいくつ買おうか。
선생님 제 손좀 봐주세요~ 이거 맞나요?,先生、私の手を見てください〜これで合ってますか?
혹시 오늘 저녁 메뉴 뭔지 아시나요?,もし、今晩のメニューは何かご存知ですか。
몇번 버스타야되는지 알아?,何番のバスに乗ればいいかわかりますか。
정말요?~ 저희처럼 설레시겠네요.,本当ですか?~私たちのようにワクワクされますでしょうね。
하하 그렇죠.,はははそうですね。
최대한 빨리 준비해드릴게요.,できるだけ早くご用意いたします。
상체 운동의 꽃은 복근 운동이지!,上体運動の花は腹筋運動だよ!
와 전 울릉도에서 왔는데.,わあ、私は鬱陵島から来たんですが。
런닝머신 먼저하자~,ランニングマシン、先にしよう~
저도 기도할래요 빨리 끝나길.,私もお祈りします、早く終わるようにと。
맞아 어려워 진짜 하 중국.,そうだね、難しい。本当に、はぁ…中国。
"강사님, 그 동안 바빴어요.",先生、ずっと忙しかったです。
몰라 서로 무슨 얘기 하는지.,知らないよ、お互いに何の話をしているのか。
기름진 튀김에 맥주 한 잔!,あぶら濃い揚げ物にビール一杯!
앞으로도 자주 올게요.,これからもよく来ますよ。
내일 7시에 같이 산책해요.,明日の7時に一緒に散歩しましょう。
그냥 거기로 가자.,ただそこに行きましょう。
알겠습니다 문의할게요 그러면.,わかりました、問い合わせます、それでは。
객실로 직접 보내드릴까요?,お部屋に直接お届けしましょうか。
진짜 안 무서운거 맞지?,本当に怖くないんだよね?
그거 먼저 타고 다음에 바이킹 타자.,それに先に乗って、次にバイキングに乗ろう。
내가 언니 닮아서 그렇지 뭐~,私が姉に似ているからだよ、ま~
싱가폴이 가고싶었구나?,シンガポールに行きたかったんだよね?
나는 오리요리는 꼭 먹고 싶어!,私は鴨料理はぜひ食べたい!
스트레칭은 같이 하자.,ストレッチは一緒にやろう。
너 왜 맨날 나한테 시켜?,なぜいつも私にやらせるの?
회원가입부터 하실래요?,会員登録からなさいますか?
근데 여기 계좌번호는 왜 필요한 거에요?,でも、ここの口座番号はどうして必要なんですか?
혼자 발야구를 어떻게 하니?,一人でどうやって草野球をやるの?
지름신이 막 몰려온다~,消費を煽る神がちょうど押し寄せる~
제기차기처럼 하면 되는 거 아냐?,蹴り玉のようにすればいいんじゃない?
어두워서 잘 나올까?,暗くてよく撮れるのか?
운동 조금만 더 해.,運動もう少しして。
네가 한번 해봐.,君がやってみろよ。
DNA의 힘인가 그리고 역시 피는 못 속여.,DNAの力なのか、そしてやはり血は騙せない。
"아니, 나 갑자기 탕수육도 먹고싶어.",いや、私は急に酢豚も食べたい。
주문도 너가 해주라.,注文も君がしてくれ。
내가 영어를 못하니까 어쩔 수 없잖아 말이 너무 심하다.,私が英語ができないから仕方ないじゃないか、言い過ぎだ。
응응 여유있게 준비하자.,うんうん、余裕をもって準備しよう。
일단 관광지 먼저 가보자.,まずは観光地から行ってみよう。
꾸준히 해야 살이 빠지겠지!,地道にやらなきゃ痩せらないだろう!
소음이 너무 심해서요.,騒音がとてもひどくて。
얼른 정리할게요.,すぐに片付けます。
그건 내가 할 말이고~!,それは私が言うことだ~!
면세점이 확실히 화장품이 저렴해.,免税店のほうが確かに化粧品が安い。
그리고 우리 뭐 좀 먹자.,そして私たち何か食べよう。
여기서 직진해서 사거리에서 우회전 하면 나와요.,この道をまっすぐ行って、四つ角を右に曲がると出ます。
그렇게 하려면 얼마나 걸릴까요?,そうすると、時間がどのくらいかかりますか。
가는길에 검색해봐.,行く途中で検索してみて。
난 한동안 완전 놀이공원에 미쳐서 일주일에 한번씩은 왔었어.,私はしばらくの間、完全に遊園地に夢中になって、週に一回は来ていたよ。
그냥 가서 먹으면 안될까?,そのまま行って食べてはいけないかな?
"아니에요, 저도 잘 부탁드립니다.",いいえ、私もよろしくお願いします。
오늘은 일정이 따로 없나요?,今日は日程が特にないんですか。
요즘 제일 잘나가는 라면이 뭔가요?,今一番人気のあるラーメンは何ですか。
나는 싱크홀이나 모가디슈 보고싶어.,私は、シンクホールやモガディシオを見たい。
"제발 정신 좀 차려, 맨날 까먹니?",お願いだからしっかりしてよ、いつも忘れてばかりじゃん。
좀 느끼하지 않을까~?,ちょっと脂っこくないかな~?
그러니깐 마스크는 언제쯤 벗을 수 있으려나 몰라.,だからマスクはいつごろ脱げるかわからない。
금강산도 식후경인데 츄러스부터 먹자~,花より団子なのに、チュロスから食べよう~
그러자 혹시 모르니깐 썬크림도 챙기자.,そうしよう、念のため日焼け止めクリームも用意しておこう。
김밥천국가자 라면은 거기지!,キムパッ天国に行こう、ラーメンはそこだ!
바다는 어때?,海はどう?
알겠어 또다른거있음 그것도사자.,分かった、他に何かあればそれも買おう。
된장하나 사가지고 갈까?,テンジャン一つを持って行きましょうか。
알겠어 화장실 금방다녀올게.,わかった、トイレすぐに行ってくる。
향수 같은 것도 좋아하시고.,香水なんかもお好きで。
나는 5시가 좋을 거 같아.,5時がいいと思う。
그럼 이따 늦지 말고 나와.,では、後で遅れずに出てきてね。
시원하게 얼음 많이 넣어주세요.,冷たくなるように氷を多めに入れてください。
그냥 줄넘기나 하자 그게 좋겠어 달리기는 조금 그래.,縄跳をしよう。それがいいと思う。ランニングはあまりしたくない。
"맞아요, 요즘 바빠서 오랜만에 나왔어요.",そうなんです、最近忙しくて久しぶりに出ました。
서울이랑 별반 다른게 없더라고요.,ソウルと別段違いはありませんでしたね。
한국생활은 어떠세요?,韓国での生活はどうですか?
불편하진 않으세요?,不便ではありませんか?
그러면 나는 잠 좀 더 잘래.,そうすれば、私はもう少し眠る。
근데 생각해보니까 두 명이서 떡볶이 2인분은 너무 적지 않아?,でも、考えてみれば二人でトッポッキ二人前は少なすぎない?
커피랑 비스킷 간단하게 준비해드릴게요.,コーヒーとビスケットを簡単にご用意します。
"귀찮긴하지, 그래도 간만이라 뭔가 설레는거야.",面倒くさいけど、でも久しぶりだから何かわくわくしてるんだよ。
나 사진 잘찍는 팁도 배워왔어.,私は写真をうまく撮るコツも学んできた。
알아놓은곳 있어?,どこか知ってる?
수건 몇 개 준비해드릴까요?,タオルを何枚ご用意しましょうか?
야호 신난다 축구해야지.,やった。嬉しい。サッカーしよう。
좋아 늦잠자다가 나가야겠다.,よし、寝坊してから出かけよう。
강아지들도 귀찮은 게 있나봐요.,子犬たちも面倒なことがあるようです。
게스트하우스는 혼자 올수있어 좋아요.,ゲストハウスは一人で来られていいですよ。
너무 좋다 그럼 우리 오늘 저녁에 만나서 포차갈래?,とてもいいよ。では私たち今晩会って屋台に行かないか?
여기 살치살 스테이크가 엄청 맛있다는데?,ここはサーロインステーキはとてもおいしいそうだけど?
나는 백화점 마니아거든.,私はデパートマニアなんだ。
크림 들어간 것도 맛있대.,クリーム入りも美味しいんだって。
알았어 늦으면 안된다진짜!,分かった遅れるなよ!
필카로 찍으면 감성사진 나오겠지?,フィルムカメラで撮れば感性のある写真が撮れるんだろうね?
한박스 3만원입니다.,一ボックスに3万ウォンです。
어렵네요 시범 한번만 보여주시면 따라할게요.,難しいですね、お手本を見せていただければ、真似しますよ。
따로 생각해둔건 없는데.,別に考えておいたのはないのだが。
맞아 행복 별거 없어~,そうだ幸せたいしたことないよ〜
가장 인기가 많은 곳이기도 하죠 기대해주셔도 좋아요.,一番人気のスポットでもあります、楽しみにしててください。
한복 대여해준다더라.,チマチョゴリをレンタルしてくれるって。
호캉스가 이렇게 맘편하고 즐거운줄 처음 알았어 진짜 종종 오고싶네.,ホテルバカンスがこんなに心が楽で楽しいとは初めて知ったよ、本当にたまに来たいな。
그렇구나 날씨가 중요하네.,なるほど、天気が大事なんだね。
그러시면 감사하죠.,そうしていただけると助かります。
요즘은 흡연실이 따로있어 흡연실에서 먼 자리로 앉자.,最近は喫煙室が別にあるので、喫煙室から遠い席に座ろう。
화장품도 필요해 천천히 보자.,化粧品も必要なのでゆっくり見てみよう。
경복궁보고 점심 먹으러가자.,景福宮を見てランチに行こう。
너무 좋은 계획이다 신난다.,とてもいい計画だね、うれしい。
어어 그럼 내가 아는 곳으로 가자.,あ、それなら私の知っているところに行こう。
"언능 식당가서, 맛있는거 먹으러 가자.",早く食堂に行って、おいしいものを食べよう。
저도 모임에 잘 참가해서 많이 배우고 싶어요.,私も会合によく参加して、たくさん学びたいです。
그럼 2개 시킬께.,では、2つ頼むね。
저는 봉천에서 왔습니다.,私はボンチョンから来ました。
그렇죠 그래서 저는 유학 다녀왔어요.,そうなんです、それで私は留学に行ってきました。
오호 신기한 메뉴네.,なんて変わったメニューでしょう。
일정표 확인 한번 하시구 조절하셔요!,日程表の確認を一度なさって、調節してください!
너도 정말 좋아할꺼야.,あなたもきっと気に入るわよ。
얼른 주문해야겠네요.,早速注文しなければなりませんね。
다음 고객님~,次のお客様~
제가 깔끔한 성격이라서요.,私がきれい好きな性格なので。
탁구채 가져왔어?,卓球ラケット持ってきた?
그거 먼저 시켜서 먹어보자.,それを先に頼んで食べてみよう。
공항에도 환전소 있는 걸로 알고 있는데요.,空港にも両替所があると知っていますけど。
아하 그렇군요 알겠습니다.,なるほど、わかりました。
근데 땀이 많이 나면 꼭 수분 보충을 해줘야 해.,でも、汗を沢山流したら、必ず水分補給をしなければならない。
준비해서 나와.,用意して出て。
선생님~ 2개씩 만들어봐요~,先生~2つずつ作ってみて~
체육반장 시범하는 거 잘 보고 있지요?,体育委員の見本よく見ていますよね?
그래그래 가서 둘러보는것도 나쁘지않겠다.,そうそう、行ってみるのも悪くないだろう。
어벤져스 좋지.,アベンジャーズいいね。
아침 7시 30분에 가져다 주세요.,朝7時30分に持ってきてください。
오늘 한번 먹어봐.,今日一度食べてみて。
네네 무엇을 주문하시겠습니까?,はい、何をご注文なさいますか。
저는 캘리포니아에서 왔습니다~ 타국에서 새로운 인연을 만난다는 건 정말 놀라운 일 같아요 그렇죠?,私はカリフォルニアから来ました~外国で新しい縁に出会うなんて、本当に驚くべきだと思います。そうですよね?
동해도 좋고 서해도 좋고.,東海でも西海でもいい。
내년정도에 계획잡아보려구요.,来年くらいに計画を立ててみようと思います。
제가 한국말을 잘 못해서 그래요.,私が韓国語が下手だからです。
뭘 그렇게 하신다는건가요?,何をするというんですか?
앞으론 서로 더 친절하게 이야기해보자.,これからはお互いにもっと親切に話してみよう。
놀이공원 앞까지 가는 버스가 있나?,遊園地の前まで行くバスはあるかな。
놀이공원 오랜만이다!,遊園地久しぶり!
한국 와보셨어요?,韓国に来たことはありますか。
아니면 위시리스트 확인해봐.,もしくは、ウィッシュリストを確認してみて。
오늘 같은 날은 머니 좀 써야 되는거야.,今日のような日はちょっとお金を使わないと。
저는 바다건너 인도네시아에서 왔습니다.,私は海の向こうのインドネシアから来ました。
구룡포는 이쪽으로 쭉 가셔서 지하철 타셔야 하세요.,九龍浦はこちらをまっすぐ行って、地下鉄に乗ってください。
또 시작인거니 진짜 양심도 없구나.,また始まったか、本当に良心もないんだね。
"경복궁은 지하철역이랑 가까우니까, 3호선을 타면 금방이겠다.",景福宮は地下鉄の駅に近いから、3号線に乗ればすぐだろう。
조식메뉴는 지금이 최고야.,朝食メニューはいまが最高だ。
그 때에 비하면 지금 많이 적응했다.,その時に比べれば、今はかなり慣れている。
얼른 준비하고 나온다구요.,すぐに用意して出てくるって。
잘 모르시나 봐요 한번 검색해 보세요.,よくわからないようですね。一度検索してみてください。
좋은하루되세요 고마워요.,よい一日をお過ごしください。ありがとうございました。
30분 맞춰서 꼭 오세요.,30分に合わせてぜひお越しください。
아맞다 나 신발사야하는데!,ああ、そうだ、私靴を買わないと!
난 예쁜 건 다 사고 싶다 너는?,私は可愛いものは全部買いたい、あなたは?
여기 빈칸 다 채워야하나요?,ここの空欄を全部埋める必要がありますか。
여름이라 네일 하러 오는 사람이 더 많죠?,夏なので、ネイルをしに来る人の方が多いですよね?
너두 같은걸로 사는 구나?,あなたも同じものを買うのね。
거리도 구경할 겸 천천히 걸어가자~!,街中も見物がてら、ゆっくり歩いて行こう~!
한국에서는 이렇게 해서 먹는대.,韓国ではこうやって食べるんだって。
전신 운동이 중요하지.,全身運動が大事です。
만원어치만 주세요.,一万ウォン分だけください。
오늘 일정은 몇시부터 시작일까?,今日の予定は何時からだろう。
아.그럼 그냥 다 함께 운동하러 가요 과제하기 싫어요.,ああ。じゃあ、みんなで一緒に運動しましょう、課題したくないです。
저녁 먹고 난 후에 가면 되겠지?,夕食後に行けばいいよね。
아오리는 여섯개 오천원입니다.,アオリは6つで5千円です。
"비싸다고만 생각했는데, 할인이 생각보다 많이 되는 것 같아~",高いと思っていたけど、思ったよりたくさん割引されるみたいだね~
짐은 트렁크에 실으면 될거같아.,荷物はトランクに乗せればいいと思う。
하나는 모자랄것같은데요.,一つは足りないと思うんですけど。
"저도 강아지 너무 키우고 싶은데, 부모님이 자꾸 반대해요.",私も犬をとても飼いたいのですが、両親がしきりに反対しています。
오늘은 다른 거 먹어보자.,今日はほかのものを食べてみよう。
우선 좀 볼께요.,とりあえず見てみますね。
나는 원피스수영복을 사고 싶은데 너는?,私はワンピースの水着を買いたいけど、あなたは?
계속 여행만 하면서 힐링하고파.,ずっと旅だけして癒されたい。
비행기타면 저녁 바로 줄거야.,飛行機に乗れば、夕食をすぐもらえるよ。
공원 한 바퀴 돌고 돌아오면 시간 딱 맞을듯?,公園一周して戻ってきたらピッタリだと思う。
그냥 자유여행이지.,ただの自由旅行だよ。
백화점은 귀국 전날에 가는게 좋지 않을까?,デパートは帰国の前日に行った方がいいと思う。
메뉴판에서 골라봐 뭐 먹을건데?,メニューから選んで、何を食べるの?
아직 시간 많은데 뭐 그리 급해.,まだ時間があるのに、何でそんなに急ぐの。
나는 열쇠고리를 사고싶어.,私はキーホルダーが買いたい。
그냥 두 봉지 주세요~,そのまま2袋ください~
치즈케이크는 없어요?,チーズケーキはありませんか?
나도 같이 검색하고 정보를 공유하자.,私も一緒に検索して情報を共有しましょう。
얼른 시작하렴.,早く始めなさい。
중국의 간단한 디저트?,中国の簡単なデザート?
서점을 가려고 합니다.여기 서점있나요?,本屋に行きたいです。こちらに本屋はありますか?
좋지 거기로 언제 구경 갈까?,いいね、いつあそこに見に行こうかな?
유제품은 C코너에 있습니다.,乳製品はCコーナーにございます。
그래그래 가서 시향해보고 득템하자.,わかった、行って試香してゲットしましょう。
"근처에 맛있는 뚱카롱 가게 있는데, 걸어가기엔 좀 멀더라고.",近くにおいしいトゥンカロンの店があるけど、歩るいて行くにはちょっと遠かった。
열심히 하고 오자.,一生懸命やってこよう。
저녁은 뭘로 먹을까?,夕食は何にする?
그러자 맛집은 여기서 멀어?,そうしよう。おいしい店はここから遠い?
그게 입맛에 잘 맞더라고.,それがお口によく合っていたよ。
응.라켓 빌리러 다녀올게.,はい。ラケットを借りに行ってきます。
내려올 때는 괜찮았어요?,降りるときは大丈夫でしたか?
공항에 순대국밥을 팔까.?,空港でスンデクッパを売ってるかな。
생각나는거 있어?,何か思い浮かぶのがある?
컷팅 해 주세요.,カットしてください。
그래도 혹시 모르니까 다시 한번 더 확인해보자.,それでも念のためもう一度確認してみよう。
조식먹고 올라가서 나는 양치해야겠다.,朝食を食べてから上がって私は歯磨きをしなければならない。
우리 어떤 메뉴를 주문할까?,私たちはどんなメニューを頼もうか?
난 너 없으면 운동도 못해.,私はあなたがいなきゃ運動もできない。
다음엔 패키지말고 자유여행으로 가자.,今度はパッケージではなく自由旅行に行こう。
"앞으로 상체, 하체운동 번갈아서 하자.",これから上半身、下半身運動を交互にしよう。
빠짐없이 준비해서 가자.,抜かりなく準備して行こう。
친절하게 안내도 해주시고요.,親切に案内もしてくださりますし。
아몬드 가루가.,アーモンドパウダーが。
여분의 키가 없네요.,合鍵がありませんね。
"그러면 순두부, 공기밥 그리고 돈까스로 주문 하시는 거 맞으시죠?",そうしますと、スンドゥブ、ライス、とんかつでよろしいでしょうか。
그거 써 본 사람들이 다들 엄청 촉촉하다고 하더라고.,それを使ったことがある人たちが、 みんなすごくしっとりしてるって言ってた。
영화관은 가지 말자고.,映画館には行かないようにしましょう。
전통미를 볼수 있는 곳이었으면 좋겠다!,伝統美が見られるところであってほしい!
밥먹고 바로자면 소화안되는데.,ご飯を食べてすぐ寝ると消化できないよ。
vip룸으로 부탁드립니다.,vipルームでお願いします。
글쎄 굉장히 오래 되었겠지?,さあ、とても古くなっただろうね。
버스카드야 당연히 있지.,バスカードならもちろんあるよ。
박력분 몇 그램이 필요한가요?,薄力粉は何グラムいりますか?
거기 전자파리채 있지 않아요?,そこに電子ハエたたきがあるのではないですか?
뭐가 유명한 음식이야?,何が有名な食べ物なの?
자꾸이렇게 할꺼야?,ずっとこうするの?
난 맛있더라구.,私はおいしかったよ。
그건 가능해.,それはできる。
우리 운동 따로 해야되겠네.,私たちは別々に運動しないとね。
뭐 다들 살빼러 오시는거니까요.,まあ、みんな痩せるために来られますからね。
건강식품 사드리려구.,健康食品を買ってあげようと思ってて。
소독약도 쓸 수 있을까요?,消毒薬も使えますか?
제가 갖고 오겠습니다.,私が持ってきます。
그러게 날씨가 이렇게 갑자기 바뀔 줄 몰랐네.,そうだね、こんな急に天気が変わるとは思わなかった。
창고 나올땐 문 닫구 나와주세요.,倉庫を出るときはドアを閉めてください。
앉아서 좀만 기다려주세요.,おかけになって少々お待ちください。
저기 화장실이 어디있나요?,あの、トイレはどこですか?
부산이 짱이에요.,釜山が一番です。
농담이고 식단까지 잘 짜드릴게요.,冗談ですし、メニューまでよく作りますよ。
혹시 매점은 어디에 있나요?,ちなみに売店はどこにありますか?
허리에 무리 안 가게 준비운동부터 하죠.,腰に無理がかからないように準備運動からしましょう。
"아뇨, 스트레칭부터 해주셔야 합니다.",いいえ、ストレッチからしてください。
타고 남산 돈까스도 먹을거에요.,乗って南山のとんかつも食べます。
그럼 지금 버스를 탈까요?,では、今からバスに乗りましょうか?
오랜만에 하는 데이트인데 조금 서운하다.,久しぶりのデートなのにちょっと寂しい。
친절하신 분이네요 감사합니다.,親切な方ですね、ありがとうございます。
오냐 아 그럼 나 가방 좀 잠깐 들어주라.,うん、私のカバンをちょっと持ってくれ。
그치그치 그렇게 하면되!,そうそう、そうすればいいんだ!
나 향수도 좀 사야하는데.,私、香水も買わなくちゃ。
다음에 랍스터 먹으러 가야겠다.,今度ロブスターを食べに行くよ。
내일 아침 10시 표로 2장 주세요.,明朝10時のチケットを二枚ください。
쳇 그런거냐 아쉽네 얻어먹으려고 했는데.,ちっ、そういうことか惜しい、おごってもらおうと思ったのに。
그것만 시키면 되는거야?,それだけ頼めばいいのか?
우리 둘째날 가볼까?,私たちは2日目に行ってみようか。
안주는 뭘로 드릴까요?,おつまみは何になさいますか。
아마 될거야.,たぶんできる。
꼭 챙겨!,必ず取りそろえて!
여기 반찬이 맛있어서 또 사러올께요.,ここのおかずが美味しかったので、また買いに来ます。
겨울은 안왔으면 좋겠어.,冬は来ないといい。
지금 버거킹으로 가서 주문하자.,今からバーガーキングに行って注文しよう。
예매하고 있을게 다녀와.,予約してるから、行ってきて。
나도 그래 왜 그럴까 모르겠어.,私もそうなんだ。なんでそうなのか分からない。
가서 정하는 걸로 하자.,行って決めることにしよう。
세수만 하고 올게~,顔を洗ってくるよ~
저거 타고 한 번 가보자~,あれに乗って一度行ってみよう〜
들어가는 재료가 꽤 많네요.,入る材料が結構多いですね。
그래도 여기까지 왔는데 조식은 먹어야지.,それでもここまで来たのに朝食は食べなければ。
"꾀병이라니, 무슨 말을 그렇게 해.",仮病とは、どういうことですか。
배를 타시면서 칵테일도 즐길 수 있어요.,船に乗りながらカクテルも楽しめます。
유럽 패키지는 거의 7시부터 일정이 시작돼.,ヨーロッパパッケージはほとんど7時から日程が始まるよ。
그렇구나 그렇구나 스카프나 사러 가자.,そうか、そうか、スカーフでも買いに行こう。
오른쪽으로 가신 후 스타벅스 매장 왼편에 있습니다.,右に行って、スターバックスの左側にあります。
젊을 때야 이럴 수 있으니 맘껏 돌아댕겨보자.,若いときにはこうすることができるから歩き回ってみよう。
너는 어떤거 사려고?,あなたは何を買うつもりなの?
다리운동부터 시작해보자.,足の運動から始めよう。
나는 우선 시원한 맥주 한 캔 먼저 마셨으면 좋겠어.,私はとりあえず、冷えたビールを一本飲みたい。
25개씩 3세트 했어!,25個ずつ3セットやった!
나도 화장품부터 살거야.,私も化粧品から買う。
코토는 몇살이에요?,コトはいくつですか?
너는 돌아다니는 걸 싫어하니까 호캉스가 맞긴 하겠다.,君は歩き回るのが苦手だから、確かホカンスに合いそう。
와 잘되었다 얼른 한라산 가자.,わー、よかった。早くハンラサンに行こうよ。
밥 먹을 시간은 없겠지?,ご飯を食べる時間はないだろうね。
알았어 근데 뭐 사줄거야?,分かった、でも何を買ってくれる?
바나나 3천원입니다.,バナナ3千ウォンです。
줄 기다리고있어 얼른다녀올게.,並んでいて、早く行ってくる。
저거 부터 타자.,あれから乗ろう。
나먼저 씻고 나올게.,私、先にシャワーしてくるよ。
불고기 먹을까?,プルゴギ食べようか?
오케이 김치찌개 좋아.,オーケー、キムチチゲいいよ。
불고기 먹어보고 싶네.,プルコギ食べてみたいな。
김치찌개 맛있겠다.,キムチチゲおいしそう。
인기제품이라 올때마다 없었거든요.,人気商品なので、来るたびになかったんです。
저기 있는 카페가는 거 어때?,あそこのカフェに行くのはどう?
맞아요 특가가 있어서 다행이네요.,そうですね、特価があって良かったですね。
방이 마침 있습니다 총 6분 방세개 예약 도와드리겠습니다.,部屋がちょうどあります、合計6名様に三つの部屋のご予約を手伝いたします。
드디어 네가 데이트비용을 내는 날이 오는구나.,ついに君がデートの費用を払う日が来るんだな。
그래.그럼 밥 먹고 갈래?,そうだね、じゃあご飯食べていく?
구미에서 경주는 가깝나요?,亀尾から慶州は近いのですか?
조금만 더 가면 여기서 유명한 식당이 있대.,もう少し先に行くとここで有名なレストランがあるそうよ。
가까운 편이에요 가보실려구요.,近いほうですよ、行ってみようと思います。
오늘은 내가 다 낼게 걱정 마.,今日は私が全部出すから心配するな。
어후 너무 좋아 서브웨이.,ああ、大好きだよ、サブウェイ。
너는 여전히 아기자기한거 좋아하는구나.,君は未だにこまごまとしていてかわいい物が好きなんだね。
나 시간 있어.,私は時間あるわ。
새로 나온 메뉴면 앞에서 판촉을 하고 있겠지.,新メニューなら、店頭で販促をしているだろう。
오늘은 체력이 넘칠거에요.,今日は体力がみなぎるでしょう。
저도 날씨가 너무 좋아서 나왔어요.,私も天気がとても良かったので出かけました。
오늘은 바다를 보러 가려고해요.,今日は海を見に行こうと思っています。
자 이렇게 천천히 따라해보세요.,どうぞ、このようにゆっくり真似してみてください。
나는 누나한테 부탁받은 화장품 사야해.,私は姉に頼まれた化粧品を買わなければならない。
저번 여행때 호텔에 여권을 두고와서 고생했었지.,この前の旅行の時、ホテルにパスポートを忘れてきて苦労したよね。
뚱카롱도 오늘 만들 수 있나요?,太ってるカロンも今日作れるんですか?
날씨 쌀쌀하니 목도리 챙기는거 잊지마.,天気が肌寒いからマフラーを忘れないで。
여기는 핫도그 유명한 가게가 근처에 있어.,ここにはホットドッグの有名店が近くにある。
내 생각이 짧았어.,私の考えが浅かった。
벌써부터 입에 침이 고이는데.,もう口に唾液がたまってくる。
음료수는 하나만 시킬까?,飲み物は一杯だけにしようか。
"아,그랬군요.지금은 많이 괜찮아졌나요?",ああ、そうだったんですね。今はだいぶ良くなっていますか?
열심히 공부했구나!,一生懸命に勉強したんだね!
오늘은 피곤해.,今日は疲れた。
"그러게, 요즘 자꾸 이상하게 말하네.",そうよね、最近よく変な話をしたりするよね。
버터는 어느정도 사용하나요?,バターはどれくらい入れますか。
중간중간 먹을 거는 챙겼어?,途中に何か食べ物持った?
저번에 가보니까 공항에도 있더라 맘스터치로 가자 그럼.,この前に行ってみたら空港にもあったよ、ではマムズタッチに行こう。
두개로 나눠 결제하고 싶네요.,2つに分けて支払いたいですね。
보너스도 받았으니 이번에 한 번 질러야지~,ボーナスももらったんだから、今回は一度大きく使わないと~
나는 콜라 아니면 환타 먹을꺼야.,私はコーラかファンタを飲む。
건강한 편이긴한데 병원에선 조금 빼라고 권유하더라고요.,健康な方ではありますが、病院からは少し痩せろと勧められました。
명심까지하지않아도 되요!,心掛けまでしなくてもいいですよ!
배우는게 즐겁네요.,学ぶのが楽しいですね。
밥도 네가 사는 걸로 하자.,ご飯も君がおごることにしましょう。
그냥 검색해보거나 식당에 들어가서 쉐프한테 물어보는편이 좋을것 같은데?,ただ検索してみるか、食堂に入ってシェフに聞いてみたほうがいいと思いますが?
"좋아, 영화는 내가 쏘도록 할게.",よし、映画は私がおごるとしよう。
"근데 나 줄넘기가 없는데, 혹시 너 안쓰는 줄넘기 있어?",でも私、縄跳び持ってないけど、君って使ってない縄跳びある?
영수증 잃어버렸는데 방법이 없나요?,領収書を失くしてしまったんですが、別の方法はありませんか?
나는 아이스 카라멜 마끼아또 마셔야지.,私はアイスキャラメルキャラメルマキアートにしようと。
그러게여 선생님 다시는 보지마요.,そうですね。先生、もう二度と見ないでください。
"오늘은 내가 다 영어로 얘기 할 테니까, 너는 잘 따라오기만해.",今日は私が全部英語で話すから、あなたはついてくるだけでいいよ。
이쁜 카페에 가자!,かわいいカフェに行こう!
내가 검색해놨지.,私が検索しておいた。
뭔가 오해가 있는것같은데.,なにか誤解があるみたいだけど。
난 네 뒷담 깐적없어.,私はあなたの悪口を言ったことがない。
어떤 방으로 예약하시겠어요?,どのお部屋をご予約なさいますか?
스위트룸 어른 두분에 아이한명 1박 예약 되셨구요 결제는 바로 해드릴까요?,スイートルームを大人2名様にお子様1名様で一泊のご予約を承りました、お会計の方も今お手伝いしましょうか?
너가 예매좀 해줘.,お前が予約してくれ。
농담이지 농담.,冗談だよ、冗談。
초코파이는 오리온이 더 인기 많아요.,チョコパイはオリオンのほうが人気があります。
경복궁 근처에 가면 한복 대여점이 많이 있대.,景福宮の近くに行けば、韓服レンタル店がたくさんあるそうだ。
와 정말 완벽하게 준비했네.,わ、本当に完璧に準備したね。
또 언제 미국 와보겠냐.,またいつ米国に来れると思うんだ。
이게 다 좋은 경험이지 사진도 많이 찍자.,これも全部良い経験だよ。写真もたくさん撮ろう。
걱정 넣어두셔요~ 베이킹에 소질이 있을 것 같은 느낌적인 느낌이 듭니다.,心配はいりませんよ~ベーキングに素質がありそうな感じがします。
나 간단히 과자라도 먹고 있을게.,私は軽くお菓子でも食べているね。
등근육은 랫풀다운을 해보세요.,背筋はラットプルダウンをしてみてください。
우리는 너무 천천히 먹는 것 같아.,私たちはとてもゆっくり食べているみたい。
자세 좀 알려주시겠어요.,詳しく教えていただけますか。
먼저 들어가서 기다리자.,先に入って待とう。
우리 오늘 부산으로 가기로 했잖아.,私たち今日釜山に行くことにしたんじゃない。
사야 하는 거는 지갑이지.,買うべきは財布だよ。
방 청소는 언제 언제 하죠.,部屋の掃除はいつ、いつやりましょうか。
샘플을 보고 결정해도 될까요?,サンプルを見て決めてもいいですか?
"이달의 아트 하고 싶은데, 색상이나 약간의 디자인 변경 가능할까요?",今月のアートにしたいのですが、色やちょっとしたデザインの変更はできますか?
난 매콤한 떡볶이 먹을래.,私は辛いトッポギ食べる。
우리 기차타고 논산가기로 했잖아.,私たち電車に乗って論山に行くことにしたじゃないのか。
울산에서 유명한 국밥집이 있다고 했었어 거기 가자.,蔚山で有名なクッパ店があると言っていたから、そこへ行こう。
우리나라에 없는 화장품을 사야지.,私の国にない化粧品を買わないと。
예약했는데 체크인해주세요.,予約してあるのですが、チェックインしてください。
흠.모르겠는데 찾아보자.,うーん。わからないけど、探してみよう。
돈가스 먹어보고싶은데!,とんかつを食べてみたいんだけど!
비빔밥이랑 콩국수가 맛있을 것 같아.,ビビンバとコングックスが美味しそうだ。
영화 우리 자주 봤는데 또 봐?,私たち、かなりの頻度で映画を見に行ってるけど、またなの?
영화보자.뭐 보고싶어?,映画を見よう。何が見たい?
젤네일 지우고 새로 하고 싶어요.,ジェルネイルのオフして新しくやりたいです。
최대한 화려하게 부탁드려요.,できるだけ派手にお願いします。
부모님이랑 형 선물 사려고.,両親と兄へのお土産です。
그치 여기 너무 좋은거 같다~,そう、こことてもいいと思うー
얼른 주문부터 하자.,早く注文からしよう。
B5 좌석은 여기서 쭉 가다가 저기 저 파란색 간판 같이 생긴곳에서 왼쪽으로 돌면 됩니다.,B5の座席はここからまっすぐ行って、あそこのあの青い看板のようなところで左側に曲れば結構です。
오른쪽으로 쭉 가셔서 보이는 B구역에서 5번째 자리입니다.,右へまっすぐ行って、Bエリアの5番目の席です。
나는 양주랑 담배 살거야.,私は洋酒とタバコを買う。
할머니 선물 사려고~!,おばあちゃんのおみやげ買おうとー!
마카롱은 안에 들어가는 꼬크가 제일 중요해요.,マカロンは中に入るコックが一番重要です。
그러게 어디에 음식점들이 있는지 찾아보자.,そうだね。飲食店がどこにあるか探してみよう。
왜 제때 안 왔어.,どうして時間通りに来なかったの。
어디 찾으시는건가요?,どこをお探しでしょうか?
이동네 사람이 어디든 잘 알아요.,この町の住人の方がどこでもよく知っていますよ。
어딜 가려고 하시는데요?,どこへいらっしゃるご予定でしょうか。
어떤일을 도와드릴까요?,ご用件は何でしょうか?
치즈떡볶이 1인분이랑 순대 1인분 주세요.,チーズトッポギを一人前とスンデを一人前ください。
"안녕하세요, 베이킹 클래스 등록하려고하는데요.",こんにちは、ベーキングクラスの登録をしたいのですが。
안녕하세요 고등어가 어디에 있어요?,こんにちは、サバはどこにありますか?
"나야 좋지, 근데 코로나 때문에 영화관 닫지 않았을까?",私はいいよ。でも、コロナの影響で映画館は閉まっているのではないかな?
오늘은 2 단줄넘기요.,今日は2段跳びです。
반가워요 저는 커피를 좋아하는 티나에요.,はじめまして、私はコーヒーが好きなティナです。
나 백화점 가서 화장품 좀 구경하고 싶어.,私、デパートに行って化粧品をちょっと見てみたい。
좌측으로 쭉 걸어가시면 있습니다.,左にまっすぐ歩かれるとあります。
그래도 여름이니까!,でも夏だから!
진짜 창렬하다.튀김도 몇개 안줘.,本当にコスパが低い。天ぷらもあまりくれない。
나 할래.,私、やる。
국산이 더 고소하고 좋아여.,国産の方が香ばしくていいですよ。
가격은 상관없어요 알려주세요.,値段は構いません、教えてください。
그래서 그런지 즐거워 보이네요.,だからか、楽しそうですね。
무거우니까 조심히 들고.,重いので気をつけて持って。
고객님 그러면 첫 트레이닝 예약 일정은 언제가 편하세요?,お客様、でしたら初回トレーニングの予約日程はいつがご都合がよろしいですか?
매운 맛은 조절할 수 있다며?,辛さは調整ができるって?
안맵게도 할 수 있을걸?,辛くないようにできるだろう。
네.정말 공기도 좋고 구경할곳도 많아요.,はい。本当に空気もいいし、見どころもたくさんありますよ。
자 일단 손씻고 밀가루반죽 시작해볼께요~,さて、まず手を洗って小麦粉をこねることから始めましょう~
일단 검색 좀 해보자.,とりあえず検索してみましょう。
우리 밥먹고 수영이나 하자.,私たち、ご飯を食べて泳ぎでもしよう。
나는 무조건 크림이야!,俺は絶対にクリームだ!
나중에 룸서비스도 시켜먹자.,後でルームサービスも頼みましょう。
그만큼 쎄게 던졌다는거지.,それだけ強く投げたということだ。
그건 무슨 내용이야?,それはどういう内容なの?
갈치가 참 싱싱해 보이네요.,タチウオがとても新鮮そうですね。
나도 걱정은 되는데 괜찮을거야.,私も心配だけど大丈夫だろう。
사실 뭐가 유명한지 잘 모르는데.,実は何が有名なのかよくわからないのですが。
니가 먼저 계속 별것도 아닌걸로 잔소리했잖아.,あなたが先にずっと大したことでもないことに小言を言ったじゃないか。
랜드마크지 여기도~ 한번 올라가볼까?,ランドマークだねここも~一度上がってみる?
그래.시간이 벌써 이렇게 됐네.얼른가자.,そうだね。もうこんな時間になったねですね。早く行こう。
참 줄넘기였지?,本当に縄跳びでしたね。
몇개나 사야하는거야?,何個くらい買わなきゃいけないの?
얼른 골라봐~!,早く選んで~!
와우 대박이군요 너무 귀여워요.,わあ、すごいですね、とてもかわいいです。
오케이 그럼 나이키 매장부터 가자.,オーケー、じゃあナイキ売り場から行こう。
금방 드릴게요.,すぐにお渡しします。
혼자 자유여행 왔어요.,一人で自由旅行で来ました。
에휴 이제 뭐 먹고 살아야하나.,ふぅ、これからは何を食べて暮らしていけばいいのかな。
사실은 나도 잘 몰라.,実は私もよく知らない。
산책은 하루에 한번 하시는 건가요?,散歩は一日一回されるんですか?
난 제로콜라 마실래.,私はゼロコーラにする。
엘레베이터는 어디 있나요?,エレベーターはどこにありますか。
이런 인연이 있네요!,こんな縁があるんですね!
순대도 하나 더 추가해서 시키자.,スンデももう一つ追加して注文しよう。
뛰어야 하나?,走らなきゃいけないかな?
결제 끝나면 전화할게.,支払いが済んだら電話します。
자기 그래도 돼?,あなたそれでもいいの?
빨리 먹고 가서 좀 쉬자.,早く食べ終えてちょっと休もうよ。
보비 안녕.,ボビ、こんにちは。
가래떡이라고 불러!,カレトックと言うの!
이게 가래떡이라고?,これがカレトクだって?
아울렛 가는 버스가 몇번이라고 했더라.,アウトレットに行くバスが何番って言ったっけ。
짐 여기 두었구요~ 편안한밤되세요.,荷物をここに置きました〜おやすみなさい。
그런데 너가 힘들다고 맨날 안나오잖아~,しかし、あなたが大変だといつも出てこないじゃないですか~
저기요 여기 양이너무 작은거아닌가요.,あのう、ここ、量が小さすぎませんか?
여기가 괜찮은거같아 들어갈까.,ここがいいと思う、入ってみる?
너만 바쁘니?,忙しいのはあなただけと思っている?
우리 집에서 보자.,私の家で会おう。
이거랑 뭐 시킬까?,これと何を頼もうか?
이번에 행사중이어서 1+1 4900원입니다.,今回はキャンペーン中なので、1+1 4900ウォンです。
혹시 배달도 가능한가요?,もしかして、配達もできますか?
3000원 추가 금액은 퇴실 시 결제 하시면 됩니다.,3000ウォンの追加金額は、退室時にお支払いいただくければよろしいです。
나는 스시 먹고싶어.,私はお寿司が食べたい。
우리 같이 카페가서 맛있는 거 먹자.,私たち、一緒にカフェに行っておいしいものを食べよう。
재밌는 관광 되세요.,観光を楽しんできてください。
뭐 그럴 수도 있지.,まあ、そんなこともあるよ。
참외세개에 오천원입니다.,うり三個で五千ウァンです。
피자빵 50개 가능합니다.,ピザパン50個はできます。
먼저 찾는 사람이 말해주기로 하자.,先に探した人が言ってくれることにしよう。
뭐 어쩌라고 싸울까?,何をどうしろと、戦うか?
그러면 밤식빵은 남았나요.,では、栗食パンは残っていますか?
우리 아직 저녁 안먹었잖아.,私たちまだ夕食をとってないじゃない。
혹시 해보시고 어려우시면 저희에게 다시 연락주세요.,試してみて、もし難しいようでしたら、また連絡してください。
요즘 유행하는 스타일로요.,今時のはやりのスタイルでですね。
내일은 받아보실 수 있습니다.,明日にはお届けできます。
린넨으로 보고 있습니다.,リネンで見ています。
어떤 악기인지 말씀해주세요.,どのような楽器なのか教えてください。
어떤 음료인지 제품에 관한 자료 보내주세요.,どんな飲料か製品に関する資料を送ってください。
주문번호 알려주시면 확인해드릴게요.,注文番号を教えてくだされば、確認させていただきます。
아뇨 원격으로 진행됩니다.,いいえ、それは遠隔で進行されます。
오늘은 배달이 상당히 빠르네요.,今日は配達がかなり速いですね。
상태에 따라 20분 내외로 끝나는 경우도 있고 훨씬 오래 걸리는 경우도 있습니다.,状態に応じて20分前後で終わる場合もあり、はるかに時間がかかる場合もあります。
해외송금하려고 합니다.,海外送金をしたいんですが。
그러면 다음에 뵙겠습니다.,では、今度伺わせていただきます。
수량은 구체적으로 몇개나 원하시나요?,数量は具体的にいくつご希望ですか。
잘 포장해서 보내주세요.,よく包装して送ってください。
혹시 물건 가격 이외에 배송 비용과 설치 비용을 따로 지불해야 하나요?,もし、商品価格以外の配送費用と設置費用を別々に支払うべきですか?
일단 재부팅 해보고 다시 연락드릴게요.,とりあえず再起動して、改めてご連絡いたします。
일단 불편을 드려서 죄송합니다.,まず、不便をおかけしまして申し訳ございません。
대표님 잠시만 기다려 주시면 감사하겠습니다.,代表様、しばらくお待ちしていただけたらありがたいです。
다른 제품으로 교환해드리겠습니다.,別の製品に交換します。
바로 진행할 수 있나요?,すぐ進めることができますか?
관련부서로 안내해드릴게요.,関連部署にご案内いたします。
앞으로 할인 계획도 없나요?,これから割引の計画もありませんか?
바로 조치해드리겠습니다~,すぐにご対応いたします~
"아니요, 잠시만요.",いいえ、ちょっと待ってください。
수락 누르겠습니다.,受諾を押します。
말씀해 주시면 팀장님과 논의 후 연락드리겠습니다.,話していただければ、チーム長と話をしてから、連絡します。
이해합니다 언제로 날짜 변경할까요?,理解します、日付はいつに変更しましょうか?
사이드미러 좀 구매 하려고 합니다.,ドアミラーをちょっと買いたいのですが。
괜찮습니다 그때 뵙겠습니다.,大丈夫です、その時にお目にかかります。
먼저 저희 컨텐츠에 관심 가져주셔서 정말 감사합니다.,まず、弊社のコンテンツに興味を持っていただいてありがとうございます。
자세한 사항을 듣고 싶은데 만나서 미팅 가능하실까요?,詳細を聞きたいのですが、会って打ち合わせできましょうか。
최대한 빨리 하겠습니다.,できるだけ早くします。
200장 정도 생각합니다.,200枚くらいを考えています。
어떤 대리님 찾고 계시죠?,どの代理を探していますか?
기본효과만 있으면되요.,基本効果だけあれば良いです。
물품 변경한다고 연락받았습니다.,物品変更すると連絡を受けました。
궁금하신 섬유가 있으신가요?,気になる繊維はありますか?
어떤 어플일까요?,どんなアプリでしょうか?
한번 둘러보도록할게요.,一度見てみます。
팀원들 모아서 와주세요.,チームを集めて来てください。
여자들이 축구를 하는 프로그램이에요.,女子たちがサッカーをするプログラムです。
어떤 어플리케이션 이실까요?,どんなアプリケーションでしょうか?
화질설정은 환경설정에 들어가면 조절이 가능합니다.,画質設定は、環境設定に入ると調節が可能です。
제품 입구 부분에 문제가 있습니다.,製品の入り口の部分に問題があります。
그걸로 해보겠습니다.,それにしてみます。
게임 관련한 테스트 프로그램 말씀이시군요.,ゲームに関するテストプログラムのことですね。
구체적으로 어떤 영상인지 말씀해주시겠습니까?,具体的には、どのような映像なのか教えてくださいませんか。
핸들이 약간 안맞아요.,ステアリングホイールは少し傾いています。
계좌번호 알려드릴까요?,口座番号をお教えしましょうか。
어떤 원단을 대량 공급 원하시나요?,どんな生地を大量供給したいですか?
저희 요금제 중에서는 가장 고객님께서 원하시는 것과 일치히네요.,我が社の料金プランの中では最もお客様のご希望と一致しますね。
예산은 얼마든지 들어도 좋습니다.,予算はいくらかかっても大丈夫です。
입금 해드리면 되나요?,入金すればいいですか?
어떤 부분이 궁금하세요?,どんな部分が気になりますか?
참 시국이 문제네요.,本当に時局が問題ですね。
원하는 쇼파의 크기는 얼마인가요?,必要なソファのサイズはいくらですか?
예약 인원은 몇 분이신가요?,ご予約は何人様でございますか。
그러니까요 뭔가 아이디어 회의를 해봐야겠어요.,そうですね、何かアイデア会議をしてみますね。
계약 내용 중 문의사항이 생겨서요.,契約の内容の中で、問い合わせたい事項ができまして。
"스틸강 구매했는데, 원료가 섞인것 같더라구요?",スチール鋼を購入しましたが、原料が混在しているらしいです。
시스템 상에서 확인해보니 주문하신 음식이 이미 조리에 들어간 상태라서 취소가 어렵습니다.,システム上で確認してみると注文された食べ物がすでに調理に入った状態なのでキャンセルが困難です。
미팅 날짜 잘 잡아 주세요 부탁드립니다.,打ち合わせの日程をよろしくお願いします。
출항하도록 하겠습니다.,出港させていただきます。
어떤게 궁금하신거죠?,どんなことが知りたいのですか?
기다릴게요 바로 보내주도록 해요.,待ちます。すぐに送ってください。
다시 운영할 수도 있나요?,また運営することもできますか?
계약서 보내드리겠습니다.,契約書をお送りします。
제가 좀 더 알아보고 다시 전화드릴게요.,私がもう少し調べてみて、改めてお電話します。
다음달 말까지면 가능할것같습니다.,来月末までには可能そうです。
주문번호는 SDS2920입니다.,注文番号はSDS2920です。
사용하고 계신 기종과 어플의 버전을 말해주세요.,お使いの機種とアプリのバージョンを教えてください。
저희 제품 광고 제작문의 드리려고 연락드려요.,うちの製品の広告の製作を問い合わせようと連絡します。
연예인에 따라 달라서요.,芸能人によって異なります。
급하시면 이전 버전 프로그램을 사용하고 계세요.,お急ぎでしたら、以前のバージョンのプログラムをお使いになってください。
8만원 미만으로 이 요금제들이 있는데 천천히 읽어보시고 결정해주세요.,8万ウォン未満では、このようなプランがあり、ゆっくりと読んでみて決定してください。
기한 내에 차질 없이 보내드리겠습니다.,期限内に支障がないようにお送りします。
어느 나라 언어로 제작하고 싶으신가요?,どの国の言語で製造したいですか?
제가 피부톤이 밝아서 밝은 제품으로 부탁드릴게요.,私は明るい肌色ですので、明るい製品でお願いします。
지금 문자로 보내드릴게요.,今、テキストでお送りします。
고객님 말씀하세요.,お客様、おっしゃってください。
현재 논의 중인 컨텐츠는 고민 중에 있습니다.,現在議論されているコンテンツは、悩んでいます。
결정되시면 연락주세요.,決定したらご連絡お願いします。
어떤 콘텐츠를 개발하려고 하시나요?,どんなコンテンツを開発しようとされてますか。
"강도나 길이, 단면모양 말씀해주세요, 저희 홈페이지 보시고 모델명 말씀해주셔도 됩니다.",強度や長さ、断面形状をお聞かせください、当店のホームページをご覧いただいて、モデル名をおっしゃっていただいても結構です。
아무래도 어렵죠.,確かに難しいですね。
서둘러 확인해주세요.,急いで確認してください。
"저희한테 매물이 2대 있습니다, 보시겠어요?",私たちのところに売物が2台ありますが、ご覧になりますか。
확인 후 도와 드리겠습니다.,確認の上、お手伝いします。
대출이 가능한지 확인해드릴게요.,貸し出しが可能か確認させていただきます。
그랬군요 다시 켜보고 안되면 알려주세요.,そうだったんですね、つけ直してみてダメだったら知らせてください。
팩스로 부탁드릴게요.,ファックスでお願いします。
패키지 프로그램으로 보여드리겠습니다.,パッケージのプログラムでお見せします。
18요금제로 바꿔드렸습니다.,18料金プランに変更しました。
그러시군요 잠시만요 확인하겠습니다.,そうですか、少々お待ちください、ご確認いたします。
깔끔하고 넓었으면 좋겠어요.,きれいで広いといいのですが。
15분 컷 가능합니다.,15分内にできます。
오늘 입금이군요 알겠습니다.,本日お振り込みですね、かしこまりました。
국산과 외제차 중에 어떤걸 보시나요?,国産車と外車ではどちらをご覧になりますか?
혹시 어디 부분인가요?,もしかして、どの部分ですか?
저희 회사에서 코나와 비슷한 차를 보여드릴게요.,弊社でコナに似たような車をお見せします。
마감일자를 조금 앞당길 수 있을까요?,締め切り日を少し早めてもらえますか?
터키어 영상이고 30분짜리입니다.,トルコ語の映像で、長さは30分くらいです。
화상 연결이 불안정하네요.,画像の連結が不安定ですね。
농수산물을 수출하고 싶어요.,農水産物を輸出したいんです。
기한은 언제까지 하면 될까요?,期限はいつまでにすればいいですか?
가능합니다 1차 완성본이 지금 막 나와서 테스트하고 있습니다 잘 다듬어서 보내드릴게요.,可能です、1回目の試作品がちょうど今出たのでテスト中です、丁寧に直してお送りします。
연비도 괜찮고 색상은 블랙과 화이트 두개입니다.,燃費もいいですし、色は黒と白の2色です。
높이 조절 가능한 책상 재고가 얼마나 있나요?,高さ調節可能なデスクの在庫はどれくらいありますか?
담당자에게 연락드리라고 하겠습니다.,担当者にご連絡するようにします。
점검 후 연락 부탁드립니다.,点検の後、ご連絡をお願いします。
작업도중에 자주 다운되는 현상이 발생합니다.,動作中にダウンすることがよくあります。
이번주는 다 괜찮습니다.,今週は全て大丈夫です。
제휴 희망하시는 드라마 목록을 보내주시겠습니까?,ご希望の提携ドラマの一覧を送っていただけますか?
원하시는 디자인이나 색상 있나요?,デザインや色のご希望はありますか?
아이디를 잃어버렸어요.,IDをなくしました。
여기 이 연관검색어들좀 다 삭제해주세요.,この関連検索語をすべて削除してください。
주문한 건 배송이 너무 오래 걸려서 취소 하고 싶습니다.,注文したものの配送に時間がかかりすぎなので、キャンセルしたいです。
아무래도 유저들이 너무 몰려서 과부하가 난 것 같습니다.,どうやら、ユーザーが殺到しすぎて過負荷になっているようです。
오전 중에 보내드린 메일 내용에 관해 이야기 나눠보고 싶어서요.,午前中にお送りしたメールの内容について話し合ってみたいのですが。
기업대출을 문의하려고 하는데요.,企業向けのローンを問い合わせようと思うのですが。
기업대출을 받으려고 합니다.,企業ローンを組みたいのですが。
기업으로 대출을 받고 싶어요.,企業から融資を受けたいのですが。
지난번 대출건에 대해 여쭤볼게 있어서요.,先日のローンの件に対してお聞きしたいことがありますが。
이번 가요프로그램에 mc를 뽑는다고 하던데.,今度の歌謡プログラムで司会を選ぶと言われましたが。
기업 플랫폼 관련하여 논의드릴 사항이 있어 연락드렸습니다.,企業のプラットフォームについて議論する事項があり、ご連絡しました。
저희 기업 제품을 스폰하고 싶어요.,弊社の製品を広告させていただきたいのですが。
코로나 때문에 취소하고 싶어요.,コロナのためにキャンセルしたいです。
새로운 이벤트를 할까해서요.,新しいイベントをしようと思っていまして。
화장품 성분 분석표 받을 수 있을까요?,化粧品の成分分析表をもらえますか?
저희 견적서 팩스로 보내주신다고 했는데 아직도 못 받아서요.,私どもの見積書をファックスで送ってくれると言ったのですが、まだ届いていないのです。
지난번에 말씀드린 기능성 섬유 샘플을 보내주실 수 있을까요?,先日お話しした機能性繊維のサンプルを送っていただけますか?
섬유 좀 공급받고 싶어서 연락 드렸습니다.,繊維の供給を受けたくて連絡しました。
보내주신 자료 잘 보았습니다.,送っていただいた資料はありがとうございました。
가구 제작 의뢰를 하려고요.,家具の制作依頼をしたいと思っているのですが。
장롱을 하나 주문제작 맡기고 싶어서요.,タンスを一つ、オーダーメイドを任せたいと思いまして。
지금 계획서 어디까지 작성됐나요?,今計画書はどこまで作成されたんですか?
자동차를 구입하려고 합니다.,車を買いたいのです。
여기도 자동차 시승 안돼는건가요?,ここも車の試乗はできないのでしょうか?
모닝 부품 구할 수 있을까요?,モーニングの部品をお願いできますか。
쏘나타를 사고 싶어요.,ソナタを買いたいです。
카달로그가 있으면 보고 생각할려고요.,カタログがあれば、見て考えたいと思います。
"저희 홈페이지에 공지되어 있습니다, 참고해 주세요.",当ホームページでお知らせしております、参考にしてください。
여러모로 장점이 많은 것 같군요.,いろいろメリットが多いようですね。
자동이체 희망하시는 해당 계좌번호를 알려주시겠습니까?,自動引き落としをご希望する該当口座番号を教えていただけますか?
일단 영상 바로 메일로 보내보겠습니다.,とりあえず、映像をすぐにメールで送ってみます。
그렇군요 그거 구매하고 싶어요.,なるほど、それを購入したいです。
금액이 얼마인가요?,金額がいくらですか。
회사 메일로 부탁드립니다.,会社のメールでお願いします。
그러면 진행 상황을 자세히 설명드리겠습니다.,それでは、進行状況を詳しく説明します。
지금 바로 넣어드릴께요.,すぐにお入れします。
신혼가구로 부탁드려요.,新婚家具でお願いします。
직접 수거 요청 해주셔야 합니다.,ご自身で引き取りをお願いしなければなりません。
면 종류로 보고 계신거죠?,麺の種類で見ていらっしゃいますよね?
저희는 로맨스 코미디에요.,私たちはロマンスコメディーです。
출고까지 얼마나 걸리나요?,出庫までどのくらいかかりますか?
메인화면에 있는 캐릭터 크기와 색상을 변경하고 싶습니다.,メイン画面のキャラクターの大きさと色を変更したいです。
어떤 부분에서 오류가 나는지 알려주실 수 있나요?,どの部分でエラーが出るのか教えてもらえますか?
구입하려는 차종이 있으신가요?,お買い求めの車種はございますか?
"따로 준비된 광고는 없고, 드라마나 예능 프로그램에서 PPL로 사용해 주셨으면 좋겠는데.",別に用意された広告はなく、ドラマや芸能番組でPPLとして使ってほしいのですが。
식탁을 좀 제작하려는데요.,食卓を製作しようと思いますが。
이것보다 진한 회색은 저쪽에 있습니다.,これより濃いグレーはあちらにございます。
도로로 나가볼까요?,道路に出てみましょうか?
아무래도 그렇겠죠?,さすがにそうでしょう?
괜찮을 거예요.,大丈夫だと思います。
다음주 수요일에 3시에 만납시다.,来週の水曜日の3時に会いましょう。
설명서 여기 있습니다.!,マニュアルがここにあります。
기간은 얼마나 걸리는지요.,期間はどのくらいかかるのでしょうか。
보이지 않네요.,見えませんね。
그럼 확인하고 말씀드릴게요.,では、確認してから申し上げますね。
"지금 처리했습니다, 확인해 주세요.",いま処理しました、確認してください。
작업 내용 보여드릴게요.,作業内容をお見せします。
제작기간은 한 일주일정도 걸릴것 같습니다.,製作期間は凡そ一週間ほどかかりそうです。
2천5백만원 정도요.,2千5百万ウォンくらいです。
심플한 디자인을 원해요.,シンプルなデザインが欲しいです。
아이디 복구 해드렸구요.,アイディーを復元させていただきました。
그럼 일단은 기다려 볼게요.,では、とりあえず待ってみます。
말씀하시면 신청해드릴게요.,言ってくだされば申し込んであげます。
모텔 정보 좀 저희 쪽으로 보내주실래요?,モーテルのインフォメーションをこちらに送っていただけますか。
그럼 확인 후 견적서 부탁드릴게요.,では確認してから見積書をお願いします。
어디에 제출하면 되나요?,どこに提出すればいいですか。
그럼 시간맞춰 오세요.,では、時間通りに来てください。
궁금한 건 그게 다예요.,気になるのはそれだけです。
먼저 본인 확인 부탁드립니다.,まず、本人確認をお願いします。
회원가입은 사이트에서 가능합니다.,会員登録はサイトからできます。
어떤 종류의 앱을 제작하고 싶은지 생각해보셨나요?,どんな種類のアプリが制作したいか考えてみましたか?
언어는 어떤 언어로 번역을 원하시는건가요?,言語はどの言語への翻訳をご希望ですか?
회사제품이 뭐죠?,会社の製品は何ですか。
드라마 협찬 가능한가요?,ドラマのスポンサー、できますか?
완료되면 바로 연락드릴게요.,完了しましたらすぐにご連絡します。
계좌로 보내겠습니다.,口座にお送りします。
이제 잘되는거 같아요.,もう大丈夫だと思います。
지금 종료하겠습니다.,いま終了します。
시간은 30분 내외입니다.,時間は30分前後です。
제품 소개서를 이메일로 보내드려도 될까요?,製品の紹介書をメールでお送りしてもよろしいですか?
제가 알람을 확인을 못했네요.,私はアラームを確認できませんでした。
프랑스어로 번역하려고 합니다.,フランス語に翻訳したいのですが。
모닝 매물은 이쪽에 있습니다.,モーニングの売り物はこちらにあります。
어떤 가구를 생각하시는건가요?,どのような家具をお考えですか?
가구는 딱히 최저 수량은 없습니다.,家具は特に最低数量はありません。
3개도 가능합니까?,3個もできますか?
매트리스 아래쪽으로 서랍이 있는 형태 찾으시는 걸까요?,マットレスの下側に引き出しがあるタイプでお探しでしょうか?
"비밀번호 변경하시구요, 이중 로그인 설정 추천드립니다.",パスワードの変更してください、二重ログインの設定をお勧めします。
그럼 작업완성되면 연락주세요.,では、作業ができましたらご連絡ください。
제가 시간 날 때 연락드릴게요.,私が時間がある時に連絡致します。
금요일 오후로 잡아 주세요.,金曜日の午後にしてください。
번역하는데 얼마나 걸리나요?,翻訳するのにどれくらいかかりますか?
간단한 문항들로 진행 됩니다.,簡単な問題で行われます。
침대랑 수납장을 제작 하려구요.,ベッドと収納棚を作りたいです。
그럼 지금 바로 시작할까요?,では、早速始めましょうか。
저희 제품은 드라마입니다.,うちの製品はドラマです。
쇼파를 제작하고 싶어요.,ソファを作りたいんです。
화상 영어는 처음 하시는걸까요?,ビデオ通話の英語勉強は初めてなのでしょうか?
유지보수는 OTT 플랫폼에서 제공하지 않습니다.,メンテナンスはOTTプラットフォームでは提供しません。
다시 생각해보고 연락할게요.,もう一度考えてから連絡します。
다른 직원 불러드릴께요.,ほかのスタッフを呼んできます。
정확한 사이즈를 말씀해 주셔야 합니다.,正確なサイズを言ってください。
이상없는 영상입니다.,異常のない映像です。
그럼 바로 연결해드리겠습니다.,では、すぐにおつなぎします。
네네 그럼 바로 구입하겠습니다.,はいはい、では、早速購入します。
원하시는 수량을 말씀해 주세요.,ご希望の数量をお聞かせください。
다른 언어 어떤걸 말씀이시죠?,ほかの言語はどんなことをおっしゃっていますか。
근처에 고깃집이나 가죠.,近くの焼肉屋でも行きましょう。
그럼 나중에 필요하실 때 다시 연락 주세요.,では、後で必要になったときにまたご連絡ください。
혹시 어떤 제품일까요?,もしかしてどんな製品でしょうか?
20개 는 너무 많은 거 같은데요.,20個は多すぎると思います。
강사분을 제가 고를 수 있나요?,インストラクターの方を私が選べますか?
원하시는 분 고르면 됩니다.,お好きな方をお選びください。
원격으로 도와주실 수 없나요?,遠隔で助けてもらえませんか?
니트소재로 제작 부탁드려요.,ニット素材で製作をお願いします。
그럼 내일 쯤 도착하나요?,では、明日頃届きますか?
신원확인 먼저 해드리겠습니다.,身元の確認を先にさせていただきます。
그럼 얼마가 적당한가요.,じゃい適切な値段はいくらですか?
그럼 확인후 연락 주세요.,では確認してご連絡ください。
그럼 어두운 계열로 보여드릴게요.,では、ダーク系でお見せしましょう。
바로 확인해서 알려드리겠습니다.,すぐに確認してお知らせします。
5~10분내외로 걸릴것같아요.,5~10分前後かかると思います。
그럼 확인하시고 방문해 주세요.,では、ご確認の上ご来店ください。
고급반 선생님으로 변경 가능할까요?,上級クラスの先生に変更できますか?
다음주 월요일까지 보내는 발주건이요.,来週月曜日までに送る発注の件です。
9시까지 방문 드리겠습니다 감사합니다.,9時までお伺いします、ありがとうございます。
뭐가 감사하다는 걸까요?,どのような事で感謝しているのでしょうか?
그럼 견적서를 보내주시겠어요?,では、見積書を送っていただけますか?
의상 갖고 바로 와주세요 그럼.,衣装をすぐ持ってきてください。
사업자등록증이랑 신분증 가져오셨나요?,事業者登録証と身分証明書をお持ちですか。
설명해주시면 감사하겠습니다.,説明してもらえると助かります。
그럼 다음주 목요일로할께요.,では、来週の木曜日にします。
요즘은 과일 소주가 인기가 많아요.,最近は果実焼酎が人気があります。
내일까지 준비해서 보내드리겠습니다.,明日まで用意してお送りします。
이메일로 첨부해서 보내드리겠습니다~,メールに添付してお送りします~
저희 연구의 결과물 입니다.,私たちの研究の結果物です。
공급가는 개당 70원입니다.,供給価は一個あたり70ウォンです。
"뭐,,네 알겠습니다.",まあ..はい、わかりました。
PPL 맞습니다.,間接広告合ってます。
이게 끝이에요.,これで終わりです。
정말 기술 좋아졌네요.,本当に技術が良くなりましたね。
죄송하지만 이 차종은 흰색보다는 진주펄 색 있습니다.,申し訳ございませんが、この車種は白よりはパールカラーがございます。
그럼 다시 집에가서 가지고올께요.,では、また家に帰って持ってきます。
그럼 나중에 다시 방문해주세요.,では、あとでまたお越しください。
물론이지요 여기 샘플을 가지고 왔습니다.,もちろんです、サンプルをお持ちしました。
그럼 어쩔수없네요 다음에 다시 연락드리겠습니다.,それでは仕方がないですね、また今度ご連絡します。
여기서 장난치시면 안됩니다 신분증 부탁드립니다.,ここでふざけないでください、身分証をお願いします。
이번 소개한 제품은 매우 빠릅니다.,今回に紹介した製品はとても早いです。
일단 저희 책자도 있으니 이거 보면서 상세하게 말씀 드리겠습니다.,一応、弊社のパンフレットもありますので、こちらを見ながら詳しく説明いたします。
그럼 전기차로 보여드릴게요.,では、電気自動車をお見せしましょう。
10분동안 유창하지는 않아도되지만 자유롭게 영어로 대화해주세요.,10分の間、流暢でなくていいですが、自由に英語で会話してください。
무슨 시간 말씀하시나요?,何の時間のことでしょうか。
이벤트 중인가봐요?,イベント中のようですね?
어떻게 보상해주실 건가요?,どうやって報償してもらえますか?
연락 바로 드릴게요.,すぐに連絡します。
식탁을 의뢰하고 싶은데 가능할까요?,食卓を注文したいのですが、可能でしょうか?
1시간 내로 연락 드리겠습니다.,一時間内に連絡いたします。
별도의 창고에 있습니다.,別の倉庫にあります。
어느 정도 있나요?,どのくらいあるんですか?
"마티즈 , 아토즈 같은 그런 경차 신제품 있나요?",マティズやアトスのような軽自動車の中で新商品はありますか?
생각하시고 말씀해 주세요.,考えてからおっしゃってください。
레벨테스트가 필요하겠네요.,レベルテストが必要になりますね。
금방 갔다가 나올게요.,すぐ行ってきます。
그럼 시나리오가 짜여지면 다시 말씀해주시겠어요?,では、シナリオが組まれたら、もう一度おっしゃっていただけますか?
아닙니다 저희 홈페이지에서 기업회원가입하시면 편하게 가능하세요.,いいえ、私どものホームページから企業会員に加入していただければ楽にできます。
그러면 다음 주에 마케팅팀이랑 같이 홍보 아이디어 미팅해봐요.,では、来週マーケティングチームと一緒に広報アイデアの打ち合わせをしてみましょう。
언제까지 기다려야 합니까?,いつまで待てばいいですか。
제가 부른 게 아닌 것 같은데요.,私が呼んだのではないと思います。
오해하게 해드린점 죄송하다는겁니다.,誤解させてしまったことをお詫びします。
네네 아닙니다 수고하세요.,はいはい、そんなことないです、ご苦労さまです。
그럼 중간에 마시는 장면을 넣도록 하죠.,では、途中で飲むシーンを入れることにしましょう。
해결 부탁드려요.,解決をお願いします。
혼란을 드려 죄송하네요.,ご迷惑をおかけしまして申し訳ございません。
그럼 이따가 알려주세요.,では、あとで教えてください。
"천만원대는 몇 대 없는데, 보여드릴게요.",一千万ウォン台はあまりありませんが、お見せいたします。
230 정도는 해 드릴 수 있습니다.,230くらいはできます。
저 차인가요?,あの車ですか?
아하 그렇군요 어떤 번역을 말씀하시나요.,あは、なるほど、どのような翻訳をおっしゃいますか?
원래는 그렇지 않습니다만.,もともとはそうではないのですが。
왜 안 다루는지 알 수 있을까요.,どうして扱っていないのか教えてもらえますか。
언제든지 궁금한 점 문의주세요.,気になるところをいつでもご質問ください。
차종은 아우디 A6입니다.,車種はアウディのA6です。
그러면 전기차 몇 대 보여드리겠습니다.,では、電気自動車をいくつかお見せしましょう。
그래서 저희가 광고를 하고 싶어서요.,それで私たちが広告をしたいんですよ。
상품 리스트 보여 드릴까요?,商品のリストをお見せしましょうか?
간 김에 저희 맥주도 한 잔 하시겠어요?,ついでに私たちのビールも1杯いかがですか?
한국어로 번역하길 원해요.,韓国語に翻訳してほしいです。
내일 10시에 뵙도록 할게요.,明日10時にお会いしましょう。
린넨 섬유 샘플 부탁드려요.,リネン繊維のサンプルをお願いします。
이쪽으로 와 주실래요 저 따라와 주세요.,こちらへ来ていただけますか、私についてきてください。
검색 버튼이 눌리지 않는다는 말씀이시죠?,検索ボタンが押せないということですね?
아하 그렇군요 너무 좋네요.,なるほど、それはとてもいいですね。
우선 무슨기업인지 알려주시겠어요?,まず、何の企業か教えていただけますか?
그러면 메일로 한번 보내주시겠어요?,では、一度メールで送ってもらえますか?
압이 무엇인지 모르겠습니다.,圧とは何かわかりません。
오타가 있었나 봐요.,タイプミスがあったようです。
어떤 소재 보여드릴까요?,どんな素材をお見せしましょうか。
한식 제품 중에 냉동 식품류 괜찮은 게 있나 해서요.,韓国の冷凍食品類の中で良いものがあるかと思いまして。
주문서는 메일로 보내도 되죠?,注文書はメールで送ってもいいですか。
저희 제품 광고 관련이요.,当社の製品の広告についてです。
견적을 뽑아봐야 알수있을거 같은데요.,見積もりを取ってみてからわかると思いますが。
일본어인데 가능하죠?,日本語ですが、できますよね?
저희측에서 부담합니다.,私どもから負担します。
그 기종 부품은 지금 단종됐어요.,その機種の部品は、いま製造中止となっています。
생각보다 싸네요 그럼 그렇게 할게요.,思ったより安いですね、ではそうします。
차 기종을 보내드릴게요.,車の機種をお送りいたします。
그럼 택배로 보내주세요.,それじゃ、宅配便で送ってください。
그럼 주문 신청 할게요.,では、注文をお願いします。
그럼 주문하실 정확한 수량을 알려주세요.,では、ご注文の正確な数量を教えてください。
17인치 알루미늄 휠이죠?,17インチのアルミのホイールですね?
좋은 기능이네요다른 특징은 없나요?,いい機能ですね、他の特徴はありませんか?
공동구매 말씀이신가요?,共同購入のことでしょうか?
품번 아시면 알려주세요.,品番がわかれば教えてください。
모델이 여러개 있나요?,モデルがいくつかあるんですか?
모직 종류의 샘플은 이쪽입니다.,ウールの種類のサンプルはこちらです。
수량은 지난번과 같게해서요.,数量はこの間と同じで。
일단 광고 일정을 확인해보겠습니다.,一応、広告のスケジュールを確認してみます。
배려에 너무 감사합니다.,お心遣いに感謝します。
어떻게 가지고 노는 제품인가요?,どうやって遊ぶものなんですか?
가로 120ml 세로 120ml 로 하고 싶은데.,横120ml、縦120mlにしたいけど。
일단 수입신고필증이 필요합니다.,まず、輸入申告書が必要です。
그냥 10개로요.,適当に十個ください。
배달시킨지 2시간이 지났는데 그냥 환불해주세요.,出前を頼んで2時間が過ぎたのですが、そのまま払い戻ししてください。
자세한 설명을 해주세요.,詳しい説明をしてください。
아이스커피로 부탁드려요.,アイスコーヒーをお願いします。
일단 제가 에릭샘과 통화 해본뒤에 다시 연락드릴게요.,一応僕がエリック・サムと電話してからまたご連絡します。
오디엠 아닌가요?,オーディエムじゃないですか?
러브라인도 있나요?,ラブラインもあるんですか?
시킨 음식이 아니에요~,注文した料理じゃないんです〜
추가요금은 인당 1만원입니다 현장에서 추가요금은 결제 해주시면 됩니다.,追加料金はお一人様1万ウォンです、現場で追加料金はお支払いいただければ結構です。
어떤 부품 필요하신지 수량과 함께 알려주세요.,どんな部品が必要か、数量とともに教えてください。
어떤 콘텐츠들이 있는지 알려주세요.,どんなコンテンツがあるのか教えてください。
기업통장 말씀하시는 거죠?,企業通帳のことですね?
하반기에 오리지널 시리즈 제작 계획이 있으신가요?,下半期にオリジナルシリーズを制作する予定はありますか?
어떤 완구부터 설명 들으시겠어요?,どんな玩具から説明をお聞きになりますか?
화물도 적재해야하니 스타렉스 차량으로 부탁드릴께요.,荷物も積載しなければなりませんので、スタッドレス車両でお願いします。
아침10까지 사무실로 오세요.,朝10時までに事務所へ来てください。
어디서 연락드릴까요?,どこでご連絡致しましょうか?
법인 차량 주문입니다.,社用車の注文です。
홈페이지상에 있는 마이페이지 부분 말입니다.,ホームページ上のマイページ部分ですね。
"그럼, 최소 몇개 제작을 원하시죠?",では、最低いくつ制作をご希望ですか?
기간은 얼마나 걸리까요?,期間はどれくらいかかりますか?
지금 여기있는 색상이 전부입니다.,今、ここにある色が全部です。
제가 보내드린 견적서에 적혀 있습니다.,私がお送りした見積書に書かれています。
이거는 여름용으로 나와서 얇고 비말을 잘 차단합니다.,こちらは夏用として出たもので、薄くて飛沫をよく遮断します。
SUV만 보여주세요.,SUVだけ見せてください。
가능합니다 발주서 주세요.,できます、発注書をください。
한번 봐봐도 괜찮을까요?,一度見てみてもいいですか。
어느 레벨 신청 원하시는건가요?,どのレベルの申請をご希望ですか?
그 나이대 애들이 제일 많이 써요.,その年頃の子供たちが一番多く使います。
다행이네요 오 정말 있네요?,よかったですね、お、本当にありますよね?
그러면 확인해보고 전화드릴게요.,では確認してお電話します。
맨날 기다리기만하고 해결책이 없네요?,いつも待っているだけで解決策がないのですね?
그럼 우선 제가 한번 작동해 보겠습니다.,では、まず私が一度動かしてみます。
다른 차도 볼수있을까요?,ほかの車も見せてもらえますか。
저번에 말씀드린 시제품에 관해서에요.,この前お話しました試作品に関してです。
기다리게 해드려 정말 죄송합니다.,お待たせして申し訳ありません。
마셔도 됩니다.,飲んでもかまいません。
그럼 다른 문의는 없는거죠?,では、他に問い合わせはないのですね?
우선 이 영상을 좀 보시죠.,まずこのビデオをご覧ください。
안쪽에 테이블이 준비되어 있습니다.,奥にテーブルをご用意しております。
시원한 공기도 마시고 커피도 마시고 다시 집중해서 일할 수 있을 것 같아요.,涼しい空気も吸って、コーヒーも飲んで、また集中して働けそうです。
드라마 제작 기획서부터 볼 수 있을까요.,ドラマ制作企画から見させてもらえますか。
드라마 기획서를 보내주시면 검토해보겠습니다.,ドラマの企画書を送っていただければ検討させていただきます。
뭐 하실 말씀 있으세요?,何かおっしゃたいことありますか?
10분 정도 되는 짧은 영상입니다.,10分程度の短い映像です。
어떤 차량을 원하세요?,どんな車をご希望ですか?
잠깐 다른 볼일 좀 보고 오겠습니다.,ちょっとほかの用事をしてきます。
경차는 인기가 좋아서 비싼데요.,軽自動車は人気があって高いんですよ。
위치 별로 단가가 다르나요.,場所ごとに単価が違うのですか。
어느 부분에서 막히시나요?,どの部分で詰まっていますか?
그러면 여기 신청서를 먼저 작성해주세요.,では、こちらの申込書を先に作成してください。
아예 없는 건 불가능하죠.,全く存在しないものは不可能です。
번역가능합니다 몇분짜리죠?,翻訳可能です、何分くらいですか。
지난번에 보내주신 메일로 넣어주세요.,先日送っていただいたメールに送ってください。
직접 보니까 어떠세요?,実際に見てみてどうですか?
금요일 시간 괜찮네요.,金曜日は都合がいいです。
주소 가르쳐주시면 찾아가겠습니다.,住所を教えていただければお伺いします。
옵션을 알려주시면 가격 안내해드릴게요.,オプションを教えていただければ、価格のご案内をします。
알겠어요 안녕히 가십시오.,わかりました、さようなら。
주소는 문자로 보내드릴게요.,住所はメールで送りいたします。
수량은 몇개로 해드릴까요?,数量はいくつにいたしましょうか?
신박한 아이디어네요.,斬新なアイデアですね。
"핑크색, 하늘색, 노랑색, 보라색이 있습니다.",ピンク、水色、黄色、紫があります。
그래도 한국에서 제작되는 드라마이기 때문에 신선하다고 생각됩니다.,それでも韓国で製作されるドラマなので新鮮だと思います。
두 모델 가격차이는 얼마나 되나요?,二つのモデルの値段差はどれくらいですか?
2만원 차입니다.,2万ウォンの違いです。
그 기능외 코로나 바이러스를 막아주나요?,その機能以外に新型コロナウイルスを防いでくれるのですか?
업데이트에 무슨 문제있으세요?,アップデートに何か問題がありますか?
취업 상담을 해주는 어플리케이션입니다.,就職の相談に乗ってくれるアプリケーションです。
흠집이 많이 보이네요.,キズがたくさん見られますね。
suv 차종에 들어갑니다.,SUVの車種に入ります。
그럼 100개로 주문할게요.,じゃあ、100個で注文します。
이름은 아무개입니다.,名前は○○です。
대체 얼마나 기다려야되는거죠?,一体どれくらい待たなければならないのですか?
100개 제작이 될까요?,100個の製作はできますか?
특별히 원하시는 모델이 있나요?,特にご希望のモデルはございますか?
어떻게 됐어요?,どうなりましたか?
이게 그상품입니까?,これがその商品ですか?
그러면 이메일로 자세한 설명서 첨부드리겠습니다.,では、メールで詳しい説明書を添付します。
확인하시려면 얼마나 걸릴까요?,確認するのにどのくらいの時間がかかりますか。
언제쯤 준비가 될까요?,いつ頃に用意できるのでしょうか?
그럼 다음에 연락 드리겠습니다~,ではまた今度ご連絡いたします~
이번달까지 제출해주세요.,今月までに提出してください。
보내주신 메일 먼저 확인하고 진행하겠습니다.,送っていただいたメール先に確認してから進行いたします。
앱 디자인을 어떻게 수정하고 싶으신가요?,アプリのデザインをどのように修正したいですか?
블랙앤 화이트로 구성할까요?,ブラックとホワイトで構成しましょうか?
의자가 편안하니 좋네요.,椅子が楽でいいですね。
근데 제가 웹캠이 없는데 괜찮나요?,でも、私はウェブカメラを持っていないのですが、大丈夫ですか?
그럼 미리 말씀을 해주셨어야죠.,では、事前におっしゃってくださるべきでした。
오늘은 일정이 다 잡혀있어서 곤란할거같습니다.,今日は予定が詰まっていて困りそうです。
그럼 내일은 가능한거죠?,では、明日にはできますよね?
음식을 언제 주문하셨죠?,料理はいつ注文しましたか。
잘 받으시는데 이정도 입니까?,高く評価したのが、これくらいですか?
그런가요 그럼 소속사를 옮겨야 하겠네.,そうですか、じゃあ所属事務所を移さないとね。
저 인턴 아니고 사장이라구요.,私、インターンじゃなくて社長なんですよ。
무슨 이유로 변경하시려는 건가요?,どのような理由で変更されるのですか?
지금 작성해서 보내드릴게요.,いま作成してお送りします。
그럼 제대로 미팅날짜 잡으시죠.,では、きちんと打ち合わせの日時を決めましょう。
무슨대출을 원하세요.,どのようなローンをお求めですか。
저희는 신인은 투입하지 않습니다.,私たちは新人は投入しません。
무슨 일 때문이시죠?,どうされましたか?
바로 확인 되었고 1억 가능합니다.,すぐに確認されて、1億可能です。
네네 메일로 보내주세요.,はいはい、メールで送ってください。
그날은 제가 코로나 백신을 맞아야 해서요.,その日は私がコロナワクチンを打たなければなりませんので。
그럼 사진 많이 찟자.,では、写真をたくさん撮ろう。
그럼 즐거운 하루 보내세요.,では、楽しい一日を。
다양하게 찍어봅시다.,いろいろ撮ってみましょう。
돈까스 좋아하는데 기대되네요.,豚カツが好きなので、楽しみです。
엔진에 들어가는 부품인데요.,エンジンに入る部品ですが。
어떤 의뢰인지 말해주세요.,どんな依頼なのか教えてください。
그럼 촬영일에 뵐게요.,では撮影日にお会いしましょう。
저녁에는 약속이 있어서 불가능 할 것 같습니다.,夕方には予定があるので、できそうにありません。
가능합니다 두대면 되나요.,できます、2体でよろしいでしょうか。
여기 팜플랫부터 한번 보시겠어요?,こちらのパンフレットからご覧になりますか?
당연히 봐도 괜찮습니다.,もちろん、見てもかまいません。
정확히는 잘모르겠습니다.,正確にはよくわかりません。
불편을 끼쳐드려서 정말 죄송합니다.,ご不便をおかけして大変申し訳ございません。
100개로 제작주문하겠습니다.,百個でオーダーメイドします。
일단 한 번 볼까요.,一度、見てみましょう。
그리고 색상 톤이 조금 다르게 나올 수도 있습니다.,また、色調が多少異なる場合があります。
바로 보내겠습니다 확인해주세요.,すぐに送ります、確認してください。
확인되었습니다 돈을 내셔야해요.,確認されました、お金を払わなければなりません。
배당율은 어느정도 인가요?,配当率はどれくらいですか?
메일로 전달드릴게요.,メールでお伝えします。
한시간 안에 해결됩니다.,一時間内に解決できます。
원하시는 디자인 견본을 제 메일로 발송해 주시겠어요?,ご希望のデザイン見本を私のメールに送っていただけますか?
이거 괜찮은 것 같은데요.,これ大丈夫みたいですけど。
30분 후에 재접속해주세요.,三十分後に再接続してください。
그럼요 된답니다.,もちろんですよ、できます。
다행이네요 다음에 뵙죠.,よかったです、また会いましょう。
어떻게 천천히 하겠어요.,どのようにゆっくりやっていきます。
여기 사업자 등록증과 다른 서류들 입니다.,こちら事業主の証明書とその他の書類です。
그럼 저희 메일로 관련정보 보내주세요.,それではこちらのメールに関連情報を送ってください。
조만간 식사 한 번 같이 하시죠.,近いうちに食事でもご一緒しましょう。
좋은 생각이네요 참.,いい考えですね、本当に。
suv 화이트차량 이요.,suvホワイト車両です。
준비 다 해놨어요.,準備しておきました。
작성할게 엄청 많네요.,作成するものがとても多いですね。
음악은 들어봐야겠죠?,音楽は聞いてみないとですね?
제가 담당자와 지금 연결해 드릴게요.,私が担当者に今お繋ぎします。
그럼 월요일에 제품 받아보세요.,では、月曜日に商品を受け取ってみてください
현금이라고 더 할인되지는 않아요.,現金だからといって、さらに割引されることはありません。
그럼 오후 5시에 뵙겠습니다.,では、午後5時にお目にかかります。
한국 최초의 SF드라마입니다.,韓国初のSFドラマです。
메일 주소 문자로 보낼게요.,メールアドレスをメッセージで送ります。
그럼 하실 말씀 생기면 불러주세요.,では、言いたいことがあれば呼んでください。
그래요 제가 자주 깜박하네요.,そうです、私がよくうっかりしますね。
"오늘은 스케쥴이 꽉 차서요, 내일 오후는 가능합니다.",今日はスケジュールがいっぱいなので、明日の午後は可能です。
해결되는 상황이에요?,解決できる状況でしょうか。
무직자셔도 담보는 있으셔야 되요.,無職者であっても、担保は必要です。
이번 주문건의 출고일은 열흘 후 입니다.,今回の注文件の発売日は十日後です。
저희는 홍보회사가 아닙니다.,私たちは広告会社ではありません。
다음달 말까지 해주시면 돼요.,来月末までにやっていただければ大丈夫です。
맥주 수입 어떻게 되어가고 있나요?,ビールの輸入はどうなっていますか。
문의사항이 어떤 부분이신가요?,お問い合わせはどのようなことでしょうか?
있으면 말씀하세요.,何かあればおっしゃってください。
기다리겠습니다 나중에 연락줘요.,待っています、あとで連絡お願いします。
지금 이제 초반이라 아직 많이 진행은 안됐습니다.,まだ序盤なので、あまり進んでいません。
그러면 3개월 할게요.,では、3カ月にします。
기한 안에 끝내고 연락 드릴게요.,期限内に終わらせてご連絡します。
컴터가 너무 오래된 컴터라.,コンピューターが古すぎて。
어떤 제품을 만드는 곳이죠?,どんな製品を作っているところですか?
그럼 맞춤으로 하려면 사이즈를 재서 알려주세요.,では、オーダーメイドにするにはサイズを測って教えてください。
아직 만들지 않으셨군요.,まだ作ってないんですね。
그러면 저희 만나서 회의 할까요?,それでは、直接会って会議しましょうか。
